P1,P2,P3,P4,P5,Topsis Score,Rank
0.63,0.4,4.4,31.9,9.33,0.41022493890631456,5
0.68,0.46,3.1,36.4,10.16,0.36437094271367765,7
0.9,0.81,5.1,69.1,18.98,0.6562031451566271,3
0.75,0.56,5.4,55.8,15.63,0.6669637219369683,2
0.94,0.88,3.4,40.3,11.38,0.28004142303745877,8
0.94,0.88,3.5,50.4,13.93,0.3919010745233736,6
0.68,0.46,5.3,59.4,16.46,0.720007313422719,1
0.89,0.79,3.9,51.0,14.15,0.4354843625592024,4
